{
    "loss": 0.634020209312439,
    "accuracy": 0.9137930870056152
}